GEOID,nocar,population,housing_units,hh_income_low,hh_income_mid,hh_income_high,hh_total,oneperson_hh,twoperson_hh,geometry
08031004301,514,5086,3406,757,1220,1013,2990,1629,952,"list(list(c(-104.940608, -104.940602, -104.940615, -104.940593, -104.940593, -104.932087, -104.931534, -104.930379, -104.930381, -104.930412, -104.930459, -104.930452, -104.930521, -104.940615, -104.940608, 39.729226, 39.732076, 39.734689, 39.736683, 39.740128, 39.740133, 39.740135, 39.740134, 39.73649, 39.732865, 39.732563, 39.729238, 39.725615, 39.725598, 39.729226)))"
08031003401,38,2658,1529,88,323,980,1391,581,525,"list(list(c(-104.973391, -104.973248, -104.970587, -104.966309, -104.960207, -104.959307, -104.959261, -104.959328, -104.965173, -104.966328, -104.973374, -104.973393, -104.973391, 39.716531, 39.718401, 39.717699, 39.714424, 39.715572, 39.715312, 39.711117, 39.707489, 39.70749, 39.707489, 39.70749, 39.711108, 39.716531)))"
08031002803,297,4999,3545,395,1557,1364,3316,2023,1042,"list(list(c(-104.980387, -104.980299, -104.980278, -104.980305, -104.977538, -104.976083, -104.973248, -104.973391, -104.973393, -104.976907, -104.980383, -104.980387, 39.714728, 39.716522, 39.718323, 39.721486, 39.719747, 39.7191, 39.718401, 39.716531, 39.711108, 39.711102, 39.711118, 39.714728)))"
08031004302,81,2662,1312,101,346,785,1232,435,458,"list(list(c(-104.930452, -104.930459, -104.930412, -104.930381, -104.930379, -104.922321, -104.922334, -104.92233, -104.922808, -104.922799, -104.930521, -104.930452, 39.729238, 39.732563, 39.732865, 39.73649, 39.740134, 39.740142, 39.736679, 39.733652, 39.729255, 39.725631, 39.725615, 39.729238)))"
