GEOID,nocar,population,housing_units,hh_income_low,hh_income_mid,hh_income_high,hh_total,oneperson_hh,twoperson_hh,geometry
08031006813,372,4293,2584,389,1414,613,2416,1299,746,"list(list(c(-104.879277, -104.876233, -104.875832, -104.878233, -104.87531, -104.875291, -104.871874, -104.870882, -104.868216, -104.866051, -104.866174, -104.866334, -104.86637, -104.867425, -104.86886, -104.870101, -104.874387, -104.878752, -104.879277, 39.663891, 39.663987, 39.669787, 39.672787, 39.672784, 39.674766, 39.674744, 39.674764, 39.672621, 39.670847, 39.667515, 39.660309, 39.659355, 39.659996, 39.66217, 39.662842, 39.663837, 39.66327, 39.663891)))"
08031002702,688,6495,4441,653,1783,1906,4342,2859,1266,"list(list(c(-104.987404, -104.987403, -104.983581, -104.982256, -104.979832, -104.978681, -104.972979, -104.972935, -104.972939, -104.977558, -104.979938, -104.981138, -104.983623, -104.987415, -104.987404, 39.729094, 39.732043, 39.73204, 39.732034, 39.732021, 39.732026, 39.732049, 39.729078, 39.727283, 39.727261, 39.727268, 39.727264, 39.727283, 39.727275, 39.729094)))"
