total_time,total_time_se
44668899316.18185,1738123886.8576195
